ndcg_mean,ndcg_median,ndcg_std,map_mean,map_median,map_std,recip_rank_mean,recip_rank_median,recip_rank_std,P_5_mean,P_5_median,P_5_std,P_10_mean,P_10_median,P_10_std,recall_5_mean,recall_5_median,recall_5_std,recall_10_mean,recall_10_median,recall_10_std
0.2122885608481956,0.12647135138382856,0.24109221373138986,0.13042412295422112,0.041666666666666664,0.19901867773140977,0.5209891339085969,0.5,0.44786928173187424,0.31543624161073824,0.2,0.32865902695952515,0.2530201342281879,0.2,0.2681172354467466,0.1332165826911967,0.037037037037037035,0.22060359859914055,0.18297265703156124,0.06666666666666667,0.2624880584171734
