model_name,P_10_mean,P_10_median,P_10_std,P_5_mean,P_5_median,P_5_std,map_mean,map_median,map_std,ndcg_mean,ndcg_median,ndcg_std,recall_10_mean,recall_10_median,recall_10_std,recall_5_mean,recall_5_median,recall_5_std,recip_rank_mean,recip_rank_median,recip_rank_std
llama3_2_1b_instruct,0.006040268456375839,0.0,0.031148460096301456,0.010738255033557048,0.0,0.050687805606709276,0.001518813100360237,0.0,0.008984550686856121,0.004603236300757389,0.0,0.024065489863633296,0.002802715923234353,0.0,0.02127441907328949,0.0027533673247345505,0.0,0.02123819213393239,0.03467561521252796,0.0,0.16974249895867227
